<?xml version="1.0" encoding="UTF-8" ?>
<!--
  Copyright (c) 2011, Daniel Murphy
  All rights reserved.
  
  Redistribution and use in source and binary forms, with or without
  modification, are permitted provided that the following conditions are met:
      * Redistributions of source code must retain the above copyright
        notice, this list of conditions and the following disclaimer.
      * Redistributions in binary form must reproduce the above copyright
        notice, this list of conditions and the following disclaimer in the
        documentation and/or other materials provided with the distribution.
      * Neither the name of the <organization> nor the
        names of its contributors may be used to endorse or promote products
        derived from this software without specific prior written permission.
  
  THIS SOFTWARE IS PROVIDED BY THE COPYRIGHT HOLDERS AND CONTRIBUTORS "AS IS" AND
  ANY EXPRESS OR IMPLIED WARRANTIES, INCLUDING, BUT NOT LIMITED TO, THE IMPLIED
  WARRANTIES OF MERCHANTABILITY AND FITNESS FOR A PARTICULAR PURPOSE ARE
  DISCLAIMED. IN NO EVENT SHALL DANIEL MURPHY BE LIABLE FOR ANY
  DIRECT, INDIRECT, INCIDENTAL, SPECIAL, EXEMPLARY, OR CONSEQUENTIAL DAMAGES
  (INCLUDING, BUT NOT LIMITED TO, PROCUREMENT OF SUBSTITUTE GOODS OR SERVICES;
  LOSS OF USE, DATA, OR PROFITS; OR BUSINESS INTERRUPTION) HOWEVER CAUSED AND
  ON ANY THEORY OF LIABILITY, WHETHER IN CONTRACT, STRICT LIABILITY, OR TORT
  (INCLUDING NEGLIGENCE OR OTHERWISE) ARISING IN ANY WAY OUT OF THE USE OF THIS
  SOFTWARE, EVEN IF ADVISED OF THE POSSIBILITY OF SUCH DAMAGE.
-->
<!DOCTYPE log4j:configuration SYSTEM "log4j.dtd">
<log4j:configuration xmlns:log4j="http://jakarta.apache.org/log4j/">

	<appender name="console" class="org.apache.log4j.ConsoleAppender">
		<param name="Target" value="System.out" />
		<layout class="org.apache.log4j.PatternLayout">
			<param name="ConversionPattern" value="%-5p %c{1} - %m%n" />
		</layout>
	</appender>
	
	<appender name="ToFile" class="org.apache.log4j.RollingFileAppender">
		<param name="file" value="JBox2d.log" />
		<param name="MaxFileSize" value="1000KB" />
		<param name="MaxBackupIndex" value="4" />
		<layout class="org.apache.log4j.PatternLayout">
			<param name="ConversionPattern" value="%d [%t] %-5p %l - %m%n" />
		</layout>
	</appender>

	<!--<appender name="ColFile" class="org.apache.log4j.RollingFileAppender">
		<param name="file" value="Collision.log" />
		<param name="MaxFileSize" value="1000KB" />
		 Keep one backup file 
		<param name="MaxBackupIndex" value="4" />
		<layout class="org.apache.log4j.PatternLayout">
			<param name="ConversionPattern" value="%d [%t] %-5p %l - %m%n" />
		</layout>
	</appender>
	<appender name="DynFile" class="org.apache.log4j.RollingFileAppender">
		<param name="file" value="Dynamics.log" />
		<param name="MaxFileSize" value="1000KB" />
		 Keep one backup file 
		<param name="MaxBackupIndex" value="4" />
		<layout class="org.apache.log4j.PatternLayout">
			<param name="ConversionPattern" value="%d [%t] %-5p %l - %m%n" />
		</layout>
	</appender>
	
	<appender name="TestbedFile" class="org.apache.log4j.RollingFileAppender">
		<param name="file" value="Testbed.log" />
		<param name="MaxFileSize" value="1000KB" />
		 Keep one backup file 
		<param name="MaxBackupIndex" value="4" />
		<layout class="org.apache.log4j.PatternLayout">
			<param name="ConversionPattern" value="%d [%t] %-5p %l - %m%n" />
		</layout>
	</appender>-->
	
	<logger name="org.jbox2d">
		<level value="debug"/>
		<appender-ref ref="console"/>
		<appender-ref ref="ToFile"/>
	</logger>
	
	<root>
		<priority value="warn" />
		<appender-ref ref="console" />
	</root>

</log4j:configuration>
